id,smartBulb
SBMS_serialNo_SMBLB1,SMBLB1
SBMS_serialNo_SMBLB2,SMBLB2
SBMS_serialNo_SMBLB3,SMBLB3
SBMS_serialNo_SMBLB4,SMBLB4
SBMS_serialNo_SMBLB5,SMBLB5
SBMS_serialNo_SMBLB6,SMBLB6
SBMS_serialNo_SMBLB7,SMBLB7
SBMS_serialNo_SMBLB8,SMBLB8
SBMS_serialNo_SMBLB9,SMBLB9
SBMS_serialNo_SMBLB10,SMBLB10
SBMS_serialNo_SMBLB11,SMBLB11
SBMS_serialNo_SMBLB12,SMBLB12
SBMS_serialNo_SMBLB13,SMBLB13
SBMS_serialNo_SMBLB14,SMBLB14
SBMS_serialNo_SMBLB15,SMBLB15
SBMS_serialNo_SMBLB16,SMBLB16
SBMS_serialNo_SMBLB17,SMBLB17
SBMS_serialNo_SMBLB18,SMBLB18
SBMS_serialNo_SMBLB19,SMBLB19
SBMS_serialNo_SMBLB20,SMBLB20
SBMS_serialNo_SMBLB21,SMBLB21
SBMS_serialNo_SMBLB22,SMBLB22
SBMS_serialNo_SMBLB23,SMBLB23
SBMS_serialNo_SMBLB24,SMBLB24
SBMS_serialNo_SMBLB25,SMBLB25
SBMS_serialNo_SMBLB26,SMBLB26
SBMS_serialNo_SMBLB27,SMBLB27
SBMS_serialNo_SMBLB28,SMBLB28
SBMS_serialNo_SMBLB29,SMBLB29
SBMS_serialNo_SMBLB30,SMBLB30
SBMS_serialNo_SMBLB31,SMBLB31
SBMS_serialNo_SMBLB32,SMBLB32
SBMS_serialNo_SMBLB33,SMBLB33
SBMS_serialNo_SMBLB34,SMBLB34
SBMS_serialNo_SMBLB35,SMBLB35
SBMS_serialNo_SMBLB36,SMBLB36
SBMS_serialNo_SMBLB37,SMBLB37
SBMS_serialNo_SMBLB38,SMBLB38
SBMS_serialNo_SMBLB39,SMBLB39
SBMS_serialNo_SMBLB40,SMBLB40
SBMS_serialNo_SMBLB41,SMBLB41
SBMS_serialNo_SMBLB42,SMBLB42
SBMS_serialNo_SMBLB43,SMBLB43
SBMS_serialNo_SMBLB44,SMBLB44
SBMS_serialNo_SMBLB45,SMBLB45
SBMS_serialNo_SMBLB46,SMBLB46
SBMS_serialNo_SMBLB47,SMBLB47
SBMS_serialNo_SMBLB48,SMBLB48
SBMS_serialNo_SMBLB49,SMBLB49
SBMS_serialNo_SMBLB50,SMBLB50
SBMS_serialNo_SMBLB51,SMBLB51
SBMS_serialNo_SMBLB52,SMBLB52
SBMS_serialNo_SMBLB53,SMBLB53
SBMS_serialNo_SMBLB54,SMBLB54
SBMS_serialNo_SMBLB55,SMBLB55
SBMS_serialNo_SMBLB56,SMBLB56
SBMS_serialNo_SMBLB57,SMBLB57
SBMS_serialNo_SMBLB58,SMBLB58
SBMS_serialNo_SMBLB59,SMBLB59
SBMS_serialNo_SMBLB60,SMBLB60
SBMS_serialNo_SMBLB61,SMBLB61
SBMS_serialNo_SMBLB62,SMBLB62
SBMS_serialNo_SMBLB63,SMBLB63
SBMS_serialNo_SMBLB64,SMBLB64
SBMS_serialNo_SMBLB65,SMBLB65
SBMS_serialNo_SMBLB66,SMBLB66
SBMS_serialNo_SMBLB67,SMBLB67
SBMS_serialNo_SMBLB68,SMBLB68
SBMS_serialNo_SMBLB69,SMBLB69
SBMS_serialNo_SMBLB70,SMBLB70
SBMS_serialNo_SMBLB71,SMBLB71
SBMS_serialNo_SMBLB72,SMBLB72
SBMS_serialNo_SMBLB73,SMBLB73
SBMS_serialNo_SMBLB74,SMBLB74
SBMS_serialNo_SMBLB75,SMBLB75
SBMS_serialNo_SMBLB76,SMBLB76
SBMS_serialNo_SMBLB77,SMBLB77
SBMS_serialNo_SMBLB78,SMBLB78
SBMS_serialNo_SMBLB79,SMBLB79
SBMS_serialNo_SMBLB80,SMBLB80
SBMS_serialNo_SMBLB81,SMBLB81
SBMS_serialNo_SMBLB82,SMBLB82
SBMS_serialNo_SMBLB83,SMBLB83
SBMS_serialNo_SMBLB84,SMBLB84
SBMS_serialNo_SMBLB85,SMBLB85
SBMS_serialNo_SMBLB86,SMBLB86
SBMS_serialNo_SMBLB87,SMBLB87
SBMS_serialNo_SMBLB88,SMBLB88
SBMS_serialNo_SMBLB89,SMBLB89
SBMS_serialNo_SMBLB90,SMBLB90
SBMS_serialNo_SMBLB91,SMBLB91
SBMS_serialNo_SMBLB92,SMBLB92
SBMS_serialNo_SMBLB93,SMBLB93
SBMS_serialNo_SMBLB94,SMBLB94
SBMS_serialNo_SMBLB95,SMBLB95
SBMS_serialNo_SMBLB96,SMBLB96
SBMS_serialNo_SMBLB97,SMBLB97
SBMS_serialNo_SMBLB98,SMBLB98
SBMS_serialNo_SMBLB99,SMBLB99
SBMS_serialNo_SMBLB100,SMBLB100