id,aircraft
AIRCRAFT-SENSOR-AIRCRAFT-1,AIRCRAFT-1
AIRCRAFT-SENSOR-AIRCRAFT-10,AIRCRAFT-10
AIRCRAFT-SENSOR-AIRCRAFT-100,AIRCRAFT-100
AIRCRAFT-SENSOR-AIRCRAFT-101,AIRCRAFT-101
AIRCRAFT-SENSOR-AIRCRAFT-102,AIRCRAFT-102
AIRCRAFT-SENSOR-AIRCRAFT-103,AIRCRAFT-103
AIRCRAFT-SENSOR-AIRCRAFT-104,AIRCRAFT-104
AIRCRAFT-SENSOR-AIRCRAFT-105,AIRCRAFT-105
AIRCRAFT-SENSOR-AIRCRAFT-106,AIRCRAFT-106
AIRCRAFT-SENSOR-AIRCRAFT-107,AIRCRAFT-107
AIRCRAFT-SENSOR-AIRCRAFT-108,AIRCRAFT-108
AIRCRAFT-SENSOR-AIRCRAFT-109,AIRCRAFT-109
AIRCRAFT-SENSOR-AIRCRAFT-11,AIRCRAFT-11
AIRCRAFT-SENSOR-AIRCRAFT-110,AIRCRAFT-110
AIRCRAFT-SENSOR-AIRCRAFT-111,AIRCRAFT-111
AIRCRAFT-SENSOR-AIRCRAFT-112,AIRCRAFT-112
AIRCRAFT-SENSOR-AIRCRAFT-113,AIRCRAFT-113
AIRCRAFT-SENSOR-AIRCRAFT-114,AIRCRAFT-114
AIRCRAFT-SENSOR-AIRCRAFT-115,AIRCRAFT-115
AIRCRAFT-SENSOR-AIRCRAFT-116,AIRCRAFT-116
AIRCRAFT-SENSOR-AIRCRAFT-117,AIRCRAFT-117
AIRCRAFT-SENSOR-AIRCRAFT-118,AIRCRAFT-118
AIRCRAFT-SENSOR-AIRCRAFT-119,AIRCRAFT-119
AIRCRAFT-SENSOR-AIRCRAFT-12,AIRCRAFT-12
AIRCRAFT-SENSOR-AIRCRAFT-120,AIRCRAFT-120
AIRCRAFT-SENSOR-AIRCRAFT-121,AIRCRAFT-121
AIRCRAFT-SENSOR-AIRCRAFT-122,AIRCRAFT-122
AIRCRAFT-SENSOR-AIRCRAFT-123,AIRCRAFT-123
AIRCRAFT-SENSOR-AIRCRAFT-124,AIRCRAFT-124
AIRCRAFT-SENSOR-AIRCRAFT-125,AIRCRAFT-125
AIRCRAFT-SENSOR-AIRCRAFT-126,AIRCRAFT-126
AIRCRAFT-SENSOR-AIRCRAFT-127,AIRCRAFT-127
AIRCRAFT-SENSOR-AIRCRAFT-128,AIRCRAFT-128
AIRCRAFT-SENSOR-AIRCRAFT-129,AIRCRAFT-129
AIRCRAFT-SENSOR-AIRCRAFT-13,AIRCRAFT-13
AIRCRAFT-SENSOR-AIRCRAFT-130,AIRCRAFT-130
AIRCRAFT-SENSOR-AIRCRAFT-131,AIRCRAFT-131
AIRCRAFT-SENSOR-AIRCRAFT-132,AIRCRAFT-132
AIRCRAFT-SENSOR-AIRCRAFT-133,AIRCRAFT-133
AIRCRAFT-SENSOR-AIRCRAFT-134,AIRCRAFT-134
AIRCRAFT-SENSOR-AIRCRAFT-135,AIRCRAFT-135
AIRCRAFT-SENSOR-AIRCRAFT-136,AIRCRAFT-136
AIRCRAFT-SENSOR-AIRCRAFT-137,AIRCRAFT-137
AIRCRAFT-SENSOR-AIRCRAFT-138,AIRCRAFT-138
AIRCRAFT-SENSOR-AIRCRAFT-139,AIRCRAFT-139
AIRCRAFT-SENSOR-AIRCRAFT-14,AIRCRAFT-14
AIRCRAFT-SENSOR-AIRCRAFT-140,AIRCRAFT-140
AIRCRAFT-SENSOR-AIRCRAFT-141,AIRCRAFT-141
AIRCRAFT-SENSOR-AIRCRAFT-142,AIRCRAFT-142
AIRCRAFT-SENSOR-AIRCRAFT-143,AIRCRAFT-143
AIRCRAFT-SENSOR-AIRCRAFT-144,AIRCRAFT-144
AIRCRAFT-SENSOR-AIRCRAFT-145,AIRCRAFT-145
AIRCRAFT-SENSOR-AIRCRAFT-146,AIRCRAFT-146
AIRCRAFT-SENSOR-AIRCRAFT-147,AIRCRAFT-147
AIRCRAFT-SENSOR-AIRCRAFT-148,AIRCRAFT-148
AIRCRAFT-SENSOR-AIRCRAFT-149,AIRCRAFT-149
AIRCRAFT-SENSOR-AIRCRAFT-15,AIRCRAFT-15
AIRCRAFT-SENSOR-AIRCRAFT-150,AIRCRAFT-150
AIRCRAFT-SENSOR-AIRCRAFT-151,AIRCRAFT-151
AIRCRAFT-SENSOR-AIRCRAFT-152,AIRCRAFT-152
AIRCRAFT-SENSOR-AIRCRAFT-153,AIRCRAFT-153
AIRCRAFT-SENSOR-AIRCRAFT-154,AIRCRAFT-154
AIRCRAFT-SENSOR-AIRCRAFT-155,AIRCRAFT-155
AIRCRAFT-SENSOR-AIRCRAFT-156,AIRCRAFT-156
AIRCRAFT-SENSOR-AIRCRAFT-157,AIRCRAFT-157
AIRCRAFT-SENSOR-AIRCRAFT-158,AIRCRAFT-158
AIRCRAFT-SENSOR-AIRCRAFT-159,AIRCRAFT-159
AIRCRAFT-SENSOR-AIRCRAFT-16,AIRCRAFT-16
AIRCRAFT-SENSOR-AIRCRAFT-160,AIRCRAFT-160
AIRCRAFT-SENSOR-AIRCRAFT-161,AIRCRAFT-161
AIRCRAFT-SENSOR-AIRCRAFT-162,AIRCRAFT-162
AIRCRAFT-SENSOR-AIRCRAFT-163,AIRCRAFT-163
AIRCRAFT-SENSOR-AIRCRAFT-164,AIRCRAFT-164
AIRCRAFT-SENSOR-AIRCRAFT-165,AIRCRAFT-165
AIRCRAFT-SENSOR-AIRCRAFT-166,AIRCRAFT-166
AIRCRAFT-SENSOR-AIRCRAFT-167,AIRCRAFT-167
AIRCRAFT-SENSOR-AIRCRAFT-168,AIRCRAFT-168
AIRCRAFT-SENSOR-AIRCRAFT-169,AIRCRAFT-169
AIRCRAFT-SENSOR-AIRCRAFT-17,AIRCRAFT-17
AIRCRAFT-SENSOR-AIRCRAFT-170,AIRCRAFT-170
AIRCRAFT-SENSOR-AIRCRAFT-171,AIRCRAFT-171
AIRCRAFT-SENSOR-AIRCRAFT-172,AIRCRAFT-172
AIRCRAFT-SENSOR-AIRCRAFT-173,AIRCRAFT-173
AIRCRAFT-SENSOR-AIRCRAFT-174,AIRCRAFT-174
AIRCRAFT-SENSOR-AIRCRAFT-175,AIRCRAFT-175
AIRCRAFT-SENSOR-AIRCRAFT-176,AIRCRAFT-176
AIRCRAFT-SENSOR-AIRCRAFT-177,AIRCRAFT-177
AIRCRAFT-SENSOR-AIRCRAFT-178,AIRCRAFT-178
AIRCRAFT-SENSOR-AIRCRAFT-179,AIRCRAFT-179
AIRCRAFT-SENSOR-AIRCRAFT-18,AIRCRAFT-18
AIRCRAFT-SENSOR-AIRCRAFT-180,AIRCRAFT-180
AIRCRAFT-SENSOR-AIRCRAFT-181,AIRCRAFT-181
AIRCRAFT-SENSOR-AIRCRAFT-182,AIRCRAFT-182
AIRCRAFT-SENSOR-AIRCRAFT-183,AIRCRAFT-183
AIRCRAFT-SENSOR-AIRCRAFT-184,AIRCRAFT-184
AIRCRAFT-SENSOR-AIRCRAFT-185,AIRCRAFT-185
AIRCRAFT-SENSOR-AIRCRAFT-186,AIRCRAFT-186
AIRCRAFT-SENSOR-AIRCRAFT-187,AIRCRAFT-187
AIRCRAFT-SENSOR-AIRCRAFT-188,AIRCRAFT-188
AIRCRAFT-SENSOR-AIRCRAFT-189,AIRCRAFT-189
AIRCRAFT-SENSOR-AIRCRAFT-19,AIRCRAFT-19
AIRCRAFT-SENSOR-AIRCRAFT-190,AIRCRAFT-190
AIRCRAFT-SENSOR-AIRCRAFT-191,AIRCRAFT-191
AIRCRAFT-SENSOR-AIRCRAFT-192,AIRCRAFT-192
AIRCRAFT-SENSOR-AIRCRAFT-193,AIRCRAFT-193
AIRCRAFT-SENSOR-AIRCRAFT-194,AIRCRAFT-194
AIRCRAFT-SENSOR-AIRCRAFT-195,AIRCRAFT-195
AIRCRAFT-SENSOR-AIRCRAFT-196,AIRCRAFT-196
AIRCRAFT-SENSOR-AIRCRAFT-197,AIRCRAFT-197
AIRCRAFT-SENSOR-AIRCRAFT-198,AIRCRAFT-198
AIRCRAFT-SENSOR-AIRCRAFT-199,AIRCRAFT-199
AIRCRAFT-SENSOR-AIRCRAFT-2,AIRCRAFT-2
AIRCRAFT-SENSOR-AIRCRAFT-20,AIRCRAFT-20
AIRCRAFT-SENSOR-AIRCRAFT-200,AIRCRAFT-200
AIRCRAFT-SENSOR-AIRCRAFT-201,AIRCRAFT-201
AIRCRAFT-SENSOR-AIRCRAFT-202,AIRCRAFT-202
AIRCRAFT-SENSOR-AIRCRAFT-203,AIRCRAFT-203
AIRCRAFT-SENSOR-AIRCRAFT-204,AIRCRAFT-204
AIRCRAFT-SENSOR-AIRCRAFT-205,AIRCRAFT-205
AIRCRAFT-SENSOR-AIRCRAFT-206,AIRCRAFT-206
AIRCRAFT-SENSOR-AIRCRAFT-207,AIRCRAFT-207
AIRCRAFT-SENSOR-AIRCRAFT-208,AIRCRAFT-208
AIRCRAFT-SENSOR-AIRCRAFT-209,AIRCRAFT-209
AIRCRAFT-SENSOR-AIRCRAFT-21,AIRCRAFT-21
AIRCRAFT-SENSOR-AIRCRAFT-210,AIRCRAFT-210
AIRCRAFT-SENSOR-AIRCRAFT-211,AIRCRAFT-211
AIRCRAFT-SENSOR-AIRCRAFT-212,AIRCRAFT-212
AIRCRAFT-SENSOR-AIRCRAFT-213,AIRCRAFT-213
AIRCRAFT-SENSOR-AIRCRAFT-214,AIRCRAFT-214
AIRCRAFT-SENSOR-AIRCRAFT-215,AIRCRAFT-215
AIRCRAFT-SENSOR-AIRCRAFT-216,AIRCRAFT-216
AIRCRAFT-SENSOR-AIRCRAFT-217,AIRCRAFT-217
AIRCRAFT-SENSOR-AIRCRAFT-218,AIRCRAFT-218
AIRCRAFT-SENSOR-AIRCRAFT-219,AIRCRAFT-219
AIRCRAFT-SENSOR-AIRCRAFT-22,AIRCRAFT-22
AIRCRAFT-SENSOR-AIRCRAFT-220,AIRCRAFT-220
AIRCRAFT-SENSOR-AIRCRAFT-221,AIRCRAFT-221
AIRCRAFT-SENSOR-AIRCRAFT-222,AIRCRAFT-222
AIRCRAFT-SENSOR-AIRCRAFT-223,AIRCRAFT-223
AIRCRAFT-SENSOR-AIRCRAFT-224,AIRCRAFT-224
AIRCRAFT-SENSOR-AIRCRAFT-225,AIRCRAFT-225
AIRCRAFT-SENSOR-AIRCRAFT-226,AIRCRAFT-226
AIRCRAFT-SENSOR-AIRCRAFT-227,AIRCRAFT-227
AIRCRAFT-SENSOR-AIRCRAFT-228,AIRCRAFT-228
AIRCRAFT-SENSOR-AIRCRAFT-229,AIRCRAFT-229
AIRCRAFT-SENSOR-AIRCRAFT-23,AIRCRAFT-23
AIRCRAFT-SENSOR-AIRCRAFT-230,AIRCRAFT-230
AIRCRAFT-SENSOR-AIRCRAFT-231,AIRCRAFT-231
AIRCRAFT-SENSOR-AIRCRAFT-232,AIRCRAFT-232
AIRCRAFT-SENSOR-AIRCRAFT-233,AIRCRAFT-233
AIRCRAFT-SENSOR-AIRCRAFT-234,AIRCRAFT-234
AIRCRAFT-SENSOR-AIRCRAFT-235,AIRCRAFT-235
AIRCRAFT-SENSOR-AIRCRAFT-236,AIRCRAFT-236
AIRCRAFT-SENSOR-AIRCRAFT-237,AIRCRAFT-237
AIRCRAFT-SENSOR-AIRCRAFT-238,AIRCRAFT-238
AIRCRAFT-SENSOR-AIRCRAFT-239,AIRCRAFT-239
AIRCRAFT-SENSOR-AIRCRAFT-24,AIRCRAFT-24
AIRCRAFT-SENSOR-AIRCRAFT-240,AIRCRAFT-240
AIRCRAFT-SENSOR-AIRCRAFT-241,AIRCRAFT-241
AIRCRAFT-SENSOR-AIRCRAFT-242,AIRCRAFT-242
AIRCRAFT-SENSOR-AIRCRAFT-243,AIRCRAFT-243
AIRCRAFT-SENSOR-AIRCRAFT-244,AIRCRAFT-244
AIRCRAFT-SENSOR-AIRCRAFT-245,AIRCRAFT-245
AIRCRAFT-SENSOR-AIRCRAFT-246,AIRCRAFT-246
AIRCRAFT-SENSOR-AIRCRAFT-247,AIRCRAFT-247
AIRCRAFT-SENSOR-AIRCRAFT-248,AIRCRAFT-248
AIRCRAFT-SENSOR-AIRCRAFT-249,AIRCRAFT-249
AIRCRAFT-SENSOR-AIRCRAFT-25,AIRCRAFT-25
AIRCRAFT-SENSOR-AIRCRAFT-250,AIRCRAFT-250
AIRCRAFT-SENSOR-AIRCRAFT-251,AIRCRAFT-251
AIRCRAFT-SENSOR-AIRCRAFT-252,AIRCRAFT-252
AIRCRAFT-SENSOR-AIRCRAFT-253,AIRCRAFT-253
AIRCRAFT-SENSOR-AIRCRAFT-254,AIRCRAFT-254
AIRCRAFT-SENSOR-AIRCRAFT-255,AIRCRAFT-255
AIRCRAFT-SENSOR-AIRCRAFT-256,AIRCRAFT-256
AIRCRAFT-SENSOR-AIRCRAFT-257,AIRCRAFT-257
AIRCRAFT-SENSOR-AIRCRAFT-258,AIRCRAFT-258
AIRCRAFT-SENSOR-AIRCRAFT-259,AIRCRAFT-259
AIRCRAFT-SENSOR-AIRCRAFT-26,AIRCRAFT-26
AIRCRAFT-SENSOR-AIRCRAFT-260,AIRCRAFT-260
AIRCRAFT-SENSOR-AIRCRAFT-261,AIRCRAFT-261
AIRCRAFT-SENSOR-AIRCRAFT-262,AIRCRAFT-262
AIRCRAFT-SENSOR-AIRCRAFT-263,AIRCRAFT-263
AIRCRAFT-SENSOR-AIRCRAFT-264,AIRCRAFT-264
AIRCRAFT-SENSOR-AIRCRAFT-265,AIRCRAFT-265
AIRCRAFT-SENSOR-AIRCRAFT-266,AIRCRAFT-266
AIRCRAFT-SENSOR-AIRCRAFT-267,AIRCRAFT-267
AIRCRAFT-SENSOR-AIRCRAFT-268,AIRCRAFT-268
AIRCRAFT-SENSOR-AIRCRAFT-269,AIRCRAFT-269
AIRCRAFT-SENSOR-AIRCRAFT-27,AIRCRAFT-27
AIRCRAFT-SENSOR-AIRCRAFT-270,AIRCRAFT-270
AIRCRAFT-SENSOR-AIRCRAFT-271,AIRCRAFT-271
AIRCRAFT-SENSOR-AIRCRAFT-272,AIRCRAFT-272
AIRCRAFT-SENSOR-AIRCRAFT-273,AIRCRAFT-273
AIRCRAFT-SENSOR-AIRCRAFT-274,AIRCRAFT-274
AIRCRAFT-SENSOR-AIRCRAFT-275,AIRCRAFT-275
AIRCRAFT-SENSOR-AIRCRAFT-276,AIRCRAFT-276
AIRCRAFT-SENSOR-AIRCRAFT-277,AIRCRAFT-277
AIRCRAFT-SENSOR-AIRCRAFT-278,AIRCRAFT-278
AIRCRAFT-SENSOR-AIRCRAFT-279,AIRCRAFT-279
AIRCRAFT-SENSOR-AIRCRAFT-28,AIRCRAFT-28
AIRCRAFT-SENSOR-AIRCRAFT-280,AIRCRAFT-280
AIRCRAFT-SENSOR-AIRCRAFT-281,AIRCRAFT-281
AIRCRAFT-SENSOR-AIRCRAFT-282,AIRCRAFT-282
AIRCRAFT-SENSOR-AIRCRAFT-283,AIRCRAFT-283
AIRCRAFT-SENSOR-AIRCRAFT-284,AIRCRAFT-284
AIRCRAFT-SENSOR-AIRCRAFT-285,AIRCRAFT-285
AIRCRAFT-SENSOR-AIRCRAFT-286,AIRCRAFT-286
AIRCRAFT-SENSOR-AIRCRAFT-287,AIRCRAFT-287
AIRCRAFT-SENSOR-AIRCRAFT-288,AIRCRAFT-288
AIRCRAFT-SENSOR-AIRCRAFT-289,AIRCRAFT-289
AIRCRAFT-SENSOR-AIRCRAFT-29,AIRCRAFT-29
AIRCRAFT-SENSOR-AIRCRAFT-290,AIRCRAFT-290
AIRCRAFT-SENSOR-AIRCRAFT-291,AIRCRAFT-291
AIRCRAFT-SENSOR-AIRCRAFT-292,AIRCRAFT-292
AIRCRAFT-SENSOR-AIRCRAFT-293,AIRCRAFT-293
AIRCRAFT-SENSOR-AIRCRAFT-294,AIRCRAFT-294
AIRCRAFT-SENSOR-AIRCRAFT-295,AIRCRAFT-295
AIRCRAFT-SENSOR-AIRCRAFT-296,AIRCRAFT-296
AIRCRAFT-SENSOR-AIRCRAFT-297,AIRCRAFT-297
AIRCRAFT-SENSOR-AIRCRAFT-298,AIRCRAFT-298
AIRCRAFT-SENSOR-AIRCRAFT-299,AIRCRAFT-299
AIRCRAFT-SENSOR-AIRCRAFT-3,AIRCRAFT-3
AIRCRAFT-SENSOR-AIRCRAFT-30,AIRCRAFT-30
AIRCRAFT-SENSOR-AIRCRAFT-300,AIRCRAFT-300
AIRCRAFT-SENSOR-AIRCRAFT-301,AIRCRAFT-301
AIRCRAFT-SENSOR-AIRCRAFT-302,AIRCRAFT-302
AIRCRAFT-SENSOR-AIRCRAFT-303,AIRCRAFT-303
AIRCRAFT-SENSOR-AIRCRAFT-304,AIRCRAFT-304
AIRCRAFT-SENSOR-AIRCRAFT-305,AIRCRAFT-305
AIRCRAFT-SENSOR-AIRCRAFT-306,AIRCRAFT-306
AIRCRAFT-SENSOR-AIRCRAFT-307,AIRCRAFT-307
AIRCRAFT-SENSOR-AIRCRAFT-308,AIRCRAFT-308
AIRCRAFT-SENSOR-AIRCRAFT-309,AIRCRAFT-309
AIRCRAFT-SENSOR-AIRCRAFT-31,AIRCRAFT-31
AIRCRAFT-SENSOR-AIRCRAFT-310,AIRCRAFT-310
AIRCRAFT-SENSOR-AIRCRAFT-311,AIRCRAFT-311
AIRCRAFT-SENSOR-AIRCRAFT-312,AIRCRAFT-312
AIRCRAFT-SENSOR-AIRCRAFT-313,AIRCRAFT-313
AIRCRAFT-SENSOR-AIRCRAFT-314,AIRCRAFT-314
AIRCRAFT-SENSOR-AIRCRAFT-315,AIRCRAFT-315
AIRCRAFT-SENSOR-AIRCRAFT-316,AIRCRAFT-316
AIRCRAFT-SENSOR-AIRCRAFT-317,AIRCRAFT-317
AIRCRAFT-SENSOR-AIRCRAFT-318,AIRCRAFT-318
AIRCRAFT-SENSOR-AIRCRAFT-319,AIRCRAFT-319
AIRCRAFT-SENSOR-AIRCRAFT-32,AIRCRAFT-32
AIRCRAFT-SENSOR-AIRCRAFT-320,AIRCRAFT-320
AIRCRAFT-SENSOR-AIRCRAFT-321,AIRCRAFT-321
AIRCRAFT-SENSOR-AIRCRAFT-322,AIRCRAFT-322
AIRCRAFT-SENSOR-AIRCRAFT-323,AIRCRAFT-323
AIRCRAFT-SENSOR-AIRCRAFT-324,AIRCRAFT-324
AIRCRAFT-SENSOR-AIRCRAFT-325,AIRCRAFT-325
AIRCRAFT-SENSOR-AIRCRAFT-326,AIRCRAFT-326
AIRCRAFT-SENSOR-AIRCRAFT-327,AIRCRAFT-327
AIRCRAFT-SENSOR-AIRCRAFT-328,AIRCRAFT-328
AIRCRAFT-SENSOR-AIRCRAFT-329,AIRCRAFT-329
AIRCRAFT-SENSOR-AIRCRAFT-33,AIRCRAFT-33
AIRCRAFT-SENSOR-AIRCRAFT-330,AIRCRAFT-330
AIRCRAFT-SENSOR-AIRCRAFT-331,AIRCRAFT-331
AIRCRAFT-SENSOR-AIRCRAFT-332,AIRCRAFT-332
AIRCRAFT-SENSOR-AIRCRAFT-333,AIRCRAFT-333
AIRCRAFT-SENSOR-AIRCRAFT-334,AIRCRAFT-334
AIRCRAFT-SENSOR-AIRCRAFT-335,AIRCRAFT-335
AIRCRAFT-SENSOR-AIRCRAFT-336,AIRCRAFT-336
AIRCRAFT-SENSOR-AIRCRAFT-337,AIRCRAFT-337
AIRCRAFT-SENSOR-AIRCRAFT-338,AIRCRAFT-338
AIRCRAFT-SENSOR-AIRCRAFT-339,AIRCRAFT-339
AIRCRAFT-SENSOR-AIRCRAFT-34,AIRCRAFT-34
AIRCRAFT-SENSOR-AIRCRAFT-340,AIRCRAFT-340
AIRCRAFT-SENSOR-AIRCRAFT-341,AIRCRAFT-341
AIRCRAFT-SENSOR-AIRCRAFT-342,AIRCRAFT-342
AIRCRAFT-SENSOR-AIRCRAFT-343,AIRCRAFT-343
AIRCRAFT-SENSOR-AIRCRAFT-344,AIRCRAFT-344
AIRCRAFT-SENSOR-AIRCRAFT-345,AIRCRAFT-345
AIRCRAFT-SENSOR-AIRCRAFT-346,AIRCRAFT-346
AIRCRAFT-SENSOR-AIRCRAFT-347,AIRCRAFT-347
AIRCRAFT-SENSOR-AIRCRAFT-348,AIRCRAFT-348
AIRCRAFT-SENSOR-AIRCRAFT-349,AIRCRAFT-349
AIRCRAFT-SENSOR-AIRCRAFT-35,AIRCRAFT-35
AIRCRAFT-SENSOR-AIRCRAFT-350,AIRCRAFT-350
AIRCRAFT-SENSOR-AIRCRAFT-351,AIRCRAFT-351
AIRCRAFT-SENSOR-AIRCRAFT-352,AIRCRAFT-352
AIRCRAFT-SENSOR-AIRCRAFT-353,AIRCRAFT-353
AIRCRAFT-SENSOR-AIRCRAFT-354,AIRCRAFT-354
AIRCRAFT-SENSOR-AIRCRAFT-355,AIRCRAFT-355
AIRCRAFT-SENSOR-AIRCRAFT-356,AIRCRAFT-356
AIRCRAFT-SENSOR-AIRCRAFT-357,AIRCRAFT-357
AIRCRAFT-SENSOR-AIRCRAFT-358,AIRCRAFT-358
AIRCRAFT-SENSOR-AIRCRAFT-359,AIRCRAFT-359
AIRCRAFT-SENSOR-AIRCRAFT-36,AIRCRAFT-36
AIRCRAFT-SENSOR-AIRCRAFT-360,AIRCRAFT-360
AIRCRAFT-SENSOR-AIRCRAFT-361,AIRCRAFT-361
AIRCRAFT-SENSOR-AIRCRAFT-362,AIRCRAFT-362
AIRCRAFT-SENSOR-AIRCRAFT-363,AIRCRAFT-363
AIRCRAFT-SENSOR-AIRCRAFT-364,AIRCRAFT-364
AIRCRAFT-SENSOR-AIRCRAFT-365,AIRCRAFT-365
AIRCRAFT-SENSOR-AIRCRAFT-366,AIRCRAFT-366
AIRCRAFT-SENSOR-AIRCRAFT-367,AIRCRAFT-367
AIRCRAFT-SENSOR-AIRCRAFT-368,AIRCRAFT-368
AIRCRAFT-SENSOR-AIRCRAFT-369,AIRCRAFT-369
AIRCRAFT-SENSOR-AIRCRAFT-37,AIRCRAFT-37
AIRCRAFT-SENSOR-AIRCRAFT-370,AIRCRAFT-370
AIRCRAFT-SENSOR-AIRCRAFT-371,AIRCRAFT-371
AIRCRAFT-SENSOR-AIRCRAFT-372,AIRCRAFT-372
AIRCRAFT-SENSOR-AIRCRAFT-373,AIRCRAFT-373
AIRCRAFT-SENSOR-AIRCRAFT-374,AIRCRAFT-374
AIRCRAFT-SENSOR-AIRCRAFT-375,AIRCRAFT-375
AIRCRAFT-SENSOR-AIRCRAFT-376,AIRCRAFT-376
AIRCRAFT-SENSOR-AIRCRAFT-377,AIRCRAFT-377
AIRCRAFT-SENSOR-AIRCRAFT-378,AIRCRAFT-378
AIRCRAFT-SENSOR-AIRCRAFT-379,AIRCRAFT-379
AIRCRAFT-SENSOR-AIRCRAFT-38,AIRCRAFT-38
AIRCRAFT-SENSOR-AIRCRAFT-380,AIRCRAFT-380
AIRCRAFT-SENSOR-AIRCRAFT-381,AIRCRAFT-381
AIRCRAFT-SENSOR-AIRCRAFT-382,AIRCRAFT-382
AIRCRAFT-SENSOR-AIRCRAFT-383,AIRCRAFT-383
AIRCRAFT-SENSOR-AIRCRAFT-384,AIRCRAFT-384
AIRCRAFT-SENSOR-AIRCRAFT-385,AIRCRAFT-385
AIRCRAFT-SENSOR-AIRCRAFT-386,AIRCRAFT-386
AIRCRAFT-SENSOR-AIRCRAFT-387,AIRCRAFT-387
AIRCRAFT-SENSOR-AIRCRAFT-388,AIRCRAFT-388
AIRCRAFT-SENSOR-AIRCRAFT-389,AIRCRAFT-389
AIRCRAFT-SENSOR-AIRCRAFT-39,AIRCRAFT-39
AIRCRAFT-SENSOR-AIRCRAFT-390,AIRCRAFT-390
AIRCRAFT-SENSOR-AIRCRAFT-391,AIRCRAFT-391
AIRCRAFT-SENSOR-AIRCRAFT-392,AIRCRAFT-392
AIRCRAFT-SENSOR-AIRCRAFT-393,AIRCRAFT-393
AIRCRAFT-SENSOR-AIRCRAFT-394,AIRCRAFT-394
AIRCRAFT-SENSOR-AIRCRAFT-395,AIRCRAFT-395
AIRCRAFT-SENSOR-AIRCRAFT-396,AIRCRAFT-396
AIRCRAFT-SENSOR-AIRCRAFT-397,AIRCRAFT-397
AIRCRAFT-SENSOR-AIRCRAFT-398,AIRCRAFT-398
AIRCRAFT-SENSOR-AIRCRAFT-399,AIRCRAFT-399
AIRCRAFT-SENSOR-AIRCRAFT-4,AIRCRAFT-4
AIRCRAFT-SENSOR-AIRCRAFT-40,AIRCRAFT-40
AIRCRAFT-SENSOR-AIRCRAFT-400,AIRCRAFT-400
AIRCRAFT-SENSOR-AIRCRAFT-401,AIRCRAFT-401
AIRCRAFT-SENSOR-AIRCRAFT-402,AIRCRAFT-402
AIRCRAFT-SENSOR-AIRCRAFT-403,AIRCRAFT-403
AIRCRAFT-SENSOR-AIRCRAFT-404,AIRCRAFT-404
AIRCRAFT-SENSOR-AIRCRAFT-405,AIRCRAFT-405
AIRCRAFT-SENSOR-AIRCRAFT-406,AIRCRAFT-406
AIRCRAFT-SENSOR-AIRCRAFT-407,AIRCRAFT-407
AIRCRAFT-SENSOR-AIRCRAFT-408,AIRCRAFT-408
AIRCRAFT-SENSOR-AIRCRAFT-409,AIRCRAFT-409
AIRCRAFT-SENSOR-AIRCRAFT-41,AIRCRAFT-41
AIRCRAFT-SENSOR-AIRCRAFT-410,AIRCRAFT-410
AIRCRAFT-SENSOR-AIRCRAFT-411,AIRCRAFT-411
AIRCRAFT-SENSOR-AIRCRAFT-412,AIRCRAFT-412
AIRCRAFT-SENSOR-AIRCRAFT-413,AIRCRAFT-413
AIRCRAFT-SENSOR-AIRCRAFT-414,AIRCRAFT-414
AIRCRAFT-SENSOR-AIRCRAFT-415,AIRCRAFT-415
AIRCRAFT-SENSOR-AIRCRAFT-416,AIRCRAFT-416
AIRCRAFT-SENSOR-AIRCRAFT-417,AIRCRAFT-417
AIRCRAFT-SENSOR-AIRCRAFT-418,AIRCRAFT-418
AIRCRAFT-SENSOR-AIRCRAFT-419,AIRCRAFT-419
AIRCRAFT-SENSOR-AIRCRAFT-42,AIRCRAFT-42
AIRCRAFT-SENSOR-AIRCRAFT-420,AIRCRAFT-420
AIRCRAFT-SENSOR-AIRCRAFT-421,AIRCRAFT-421
AIRCRAFT-SENSOR-AIRCRAFT-422,AIRCRAFT-422
AIRCRAFT-SENSOR-AIRCRAFT-423,AIRCRAFT-423
AIRCRAFT-SENSOR-AIRCRAFT-424,AIRCRAFT-424
AIRCRAFT-SENSOR-AIRCRAFT-425,AIRCRAFT-425
AIRCRAFT-SENSOR-AIRCRAFT-426,AIRCRAFT-426
AIRCRAFT-SENSOR-AIRCRAFT-427,AIRCRAFT-427
AIRCRAFT-SENSOR-AIRCRAFT-428,AIRCRAFT-428
AIRCRAFT-SENSOR-AIRCRAFT-429,AIRCRAFT-429
AIRCRAFT-SENSOR-AIRCRAFT-43,AIRCRAFT-43
AIRCRAFT-SENSOR-AIRCRAFT-430,AIRCRAFT-430
AIRCRAFT-SENSOR-AIRCRAFT-431,AIRCRAFT-431
AIRCRAFT-SENSOR-AIRCRAFT-432,AIRCRAFT-432
AIRCRAFT-SENSOR-AIRCRAFT-433,AIRCRAFT-433
AIRCRAFT-SENSOR-AIRCRAFT-434,AIRCRAFT-434
AIRCRAFT-SENSOR-AIRCRAFT-435,AIRCRAFT-435
AIRCRAFT-SENSOR-AIRCRAFT-436,AIRCRAFT-436
AIRCRAFT-SENSOR-AIRCRAFT-437,AIRCRAFT-437
AIRCRAFT-SENSOR-AIRCRAFT-438,AIRCRAFT-438
AIRCRAFT-SENSOR-AIRCRAFT-439,AIRCRAFT-439
AIRCRAFT-SENSOR-AIRCRAFT-44,AIRCRAFT-44
AIRCRAFT-SENSOR-AIRCRAFT-440,AIRCRAFT-440
AIRCRAFT-SENSOR-AIRCRAFT-441,AIRCRAFT-441
AIRCRAFT-SENSOR-AIRCRAFT-442,AIRCRAFT-442
AIRCRAFT-SENSOR-AIRCRAFT-443,AIRCRAFT-443
AIRCRAFT-SENSOR-AIRCRAFT-444,AIRCRAFT-444
AIRCRAFT-SENSOR-AIRCRAFT-445,AIRCRAFT-445
AIRCRAFT-SENSOR-AIRCRAFT-446,AIRCRAFT-446
AIRCRAFT-SENSOR-AIRCRAFT-447,AIRCRAFT-447
AIRCRAFT-SENSOR-AIRCRAFT-448,AIRCRAFT-448
AIRCRAFT-SENSOR-AIRCRAFT-449,AIRCRAFT-449
AIRCRAFT-SENSOR-AIRCRAFT-45,AIRCRAFT-45
AIRCRAFT-SENSOR-AIRCRAFT-450,AIRCRAFT-450
AIRCRAFT-SENSOR-AIRCRAFT-451,AIRCRAFT-451
AIRCRAFT-SENSOR-AIRCRAFT-452,AIRCRAFT-452
AIRCRAFT-SENSOR-AIRCRAFT-453,AIRCRAFT-453
AIRCRAFT-SENSOR-AIRCRAFT-454,AIRCRAFT-454
AIRCRAFT-SENSOR-AIRCRAFT-455,AIRCRAFT-455
AIRCRAFT-SENSOR-AIRCRAFT-456,AIRCRAFT-456
AIRCRAFT-SENSOR-AIRCRAFT-457,AIRCRAFT-457
AIRCRAFT-SENSOR-AIRCRAFT-458,AIRCRAFT-458
AIRCRAFT-SENSOR-AIRCRAFT-459,AIRCRAFT-459
AIRCRAFT-SENSOR-AIRCRAFT-46,AIRCRAFT-46
AIRCRAFT-SENSOR-AIRCRAFT-460,AIRCRAFT-460
AIRCRAFT-SENSOR-AIRCRAFT-461,AIRCRAFT-461
AIRCRAFT-SENSOR-AIRCRAFT-462,AIRCRAFT-462
AIRCRAFT-SENSOR-AIRCRAFT-463,AIRCRAFT-463
AIRCRAFT-SENSOR-AIRCRAFT-464,AIRCRAFT-464
AIRCRAFT-SENSOR-AIRCRAFT-465,AIRCRAFT-465
AIRCRAFT-SENSOR-AIRCRAFT-466,AIRCRAFT-466
AIRCRAFT-SENSOR-AIRCRAFT-467,AIRCRAFT-467
AIRCRAFT-SENSOR-AIRCRAFT-468,AIRCRAFT-468
AIRCRAFT-SENSOR-AIRCRAFT-469,AIRCRAFT-469
AIRCRAFT-SENSOR-AIRCRAFT-47,AIRCRAFT-47
AIRCRAFT-SENSOR-AIRCRAFT-470,AIRCRAFT-470
AIRCRAFT-SENSOR-AIRCRAFT-471,AIRCRAFT-471
AIRCRAFT-SENSOR-AIRCRAFT-472,AIRCRAFT-472
AIRCRAFT-SENSOR-AIRCRAFT-473,AIRCRAFT-473
AIRCRAFT-SENSOR-AIRCRAFT-474,AIRCRAFT-474
AIRCRAFT-SENSOR-AIRCRAFT-475,AIRCRAFT-475
AIRCRAFT-SENSOR-AIRCRAFT-476,AIRCRAFT-476
AIRCRAFT-SENSOR-AIRCRAFT-477,AIRCRAFT-477
AIRCRAFT-SENSOR-AIRCRAFT-478,AIRCRAFT-478
AIRCRAFT-SENSOR-AIRCRAFT-479,AIRCRAFT-479
AIRCRAFT-SENSOR-AIRCRAFT-48,AIRCRAFT-48
AIRCRAFT-SENSOR-AIRCRAFT-480,AIRCRAFT-480
AIRCRAFT-SENSOR-AIRCRAFT-481,AIRCRAFT-481
AIRCRAFT-SENSOR-AIRCRAFT-482,AIRCRAFT-482
AIRCRAFT-SENSOR-AIRCRAFT-483,AIRCRAFT-483
AIRCRAFT-SENSOR-AIRCRAFT-484,AIRCRAFT-484
AIRCRAFT-SENSOR-AIRCRAFT-485,AIRCRAFT-485
AIRCRAFT-SENSOR-AIRCRAFT-486,AIRCRAFT-486
AIRCRAFT-SENSOR-AIRCRAFT-487,AIRCRAFT-487
AIRCRAFT-SENSOR-AIRCRAFT-488,AIRCRAFT-488
AIRCRAFT-SENSOR-AIRCRAFT-489,AIRCRAFT-489
AIRCRAFT-SENSOR-AIRCRAFT-49,AIRCRAFT-49
AIRCRAFT-SENSOR-AIRCRAFT-490,AIRCRAFT-490
AIRCRAFT-SENSOR-AIRCRAFT-491,AIRCRAFT-491
AIRCRAFT-SENSOR-AIRCRAFT-492,AIRCRAFT-492
AIRCRAFT-SENSOR-AIRCRAFT-493,AIRCRAFT-493
AIRCRAFT-SENSOR-AIRCRAFT-494,AIRCRAFT-494
AIRCRAFT-SENSOR-AIRCRAFT-495,AIRCRAFT-495
AIRCRAFT-SENSOR-AIRCRAFT-496,AIRCRAFT-496
AIRCRAFT-SENSOR-AIRCRAFT-497,AIRCRAFT-497
AIRCRAFT-SENSOR-AIRCRAFT-498,AIRCRAFT-498
AIRCRAFT-SENSOR-AIRCRAFT-499,AIRCRAFT-499
AIRCRAFT-SENSOR-AIRCRAFT-5,AIRCRAFT-5
AIRCRAFT-SENSOR-AIRCRAFT-50,AIRCRAFT-50
AIRCRAFT-SENSOR-AIRCRAFT-500,AIRCRAFT-500
AIRCRAFT-SENSOR-AIRCRAFT-51,AIRCRAFT-51
AIRCRAFT-SENSOR-AIRCRAFT-52,AIRCRAFT-52
AIRCRAFT-SENSOR-AIRCRAFT-53,AIRCRAFT-53
AIRCRAFT-SENSOR-AIRCRAFT-54,AIRCRAFT-54
AIRCRAFT-SENSOR-AIRCRAFT-55,AIRCRAFT-55
AIRCRAFT-SENSOR-AIRCRAFT-56,AIRCRAFT-56
AIRCRAFT-SENSOR-AIRCRAFT-57,AIRCRAFT-57
AIRCRAFT-SENSOR-AIRCRAFT-58,AIRCRAFT-58
AIRCRAFT-SENSOR-AIRCRAFT-59,AIRCRAFT-59
AIRCRAFT-SENSOR-AIRCRAFT-6,AIRCRAFT-6
AIRCRAFT-SENSOR-AIRCRAFT-60,AIRCRAFT-60
AIRCRAFT-SENSOR-AIRCRAFT-61,AIRCRAFT-61
AIRCRAFT-SENSOR-AIRCRAFT-62,AIRCRAFT-62
AIRCRAFT-SENSOR-AIRCRAFT-63,AIRCRAFT-63
AIRCRAFT-SENSOR-AIRCRAFT-64,AIRCRAFT-64
AIRCRAFT-SENSOR-AIRCRAFT-65,AIRCRAFT-65
AIRCRAFT-SENSOR-AIRCRAFT-66,AIRCRAFT-66
AIRCRAFT-SENSOR-AIRCRAFT-67,AIRCRAFT-67
AIRCRAFT-SENSOR-AIRCRAFT-68,AIRCRAFT-68
AIRCRAFT-SENSOR-AIRCRAFT-69,AIRCRAFT-69
AIRCRAFT-SENSOR-AIRCRAFT-7,AIRCRAFT-7
AIRCRAFT-SENSOR-AIRCRAFT-70,AIRCRAFT-70
AIRCRAFT-SENSOR-AIRCRAFT-71,AIRCRAFT-71
AIRCRAFT-SENSOR-AIRCRAFT-72,AIRCRAFT-72
AIRCRAFT-SENSOR-AIRCRAFT-73,AIRCRAFT-73
AIRCRAFT-SENSOR-AIRCRAFT-74,AIRCRAFT-74
AIRCRAFT-SENSOR-AIRCRAFT-75,AIRCRAFT-75
AIRCRAFT-SENSOR-AIRCRAFT-76,AIRCRAFT-76
AIRCRAFT-SENSOR-AIRCRAFT-77,AIRCRAFT-77
AIRCRAFT-SENSOR-AIRCRAFT-78,AIRCRAFT-78
AIRCRAFT-SENSOR-AIRCRAFT-79,AIRCRAFT-79
AIRCRAFT-SENSOR-AIRCRAFT-8,AIRCRAFT-8
AIRCRAFT-SENSOR-AIRCRAFT-80,AIRCRAFT-80
AIRCRAFT-SENSOR-AIRCRAFT-81,AIRCRAFT-81
AIRCRAFT-SENSOR-AIRCRAFT-82,AIRCRAFT-82
AIRCRAFT-SENSOR-AIRCRAFT-83,AIRCRAFT-83
AIRCRAFT-SENSOR-AIRCRAFT-84,AIRCRAFT-84
AIRCRAFT-SENSOR-AIRCRAFT-85,AIRCRAFT-85
AIRCRAFT-SENSOR-AIRCRAFT-86,AIRCRAFT-86
AIRCRAFT-SENSOR-AIRCRAFT-87,AIRCRAFT-87
AIRCRAFT-SENSOR-AIRCRAFT-88,AIRCRAFT-88
AIRCRAFT-SENSOR-AIRCRAFT-89,AIRCRAFT-89
AIRCRAFT-SENSOR-AIRCRAFT-9,AIRCRAFT-9
AIRCRAFT-SENSOR-AIRCRAFT-90,AIRCRAFT-90
AIRCRAFT-SENSOR-AIRCRAFT-91,AIRCRAFT-91
AIRCRAFT-SENSOR-AIRCRAFT-92,AIRCRAFT-92
AIRCRAFT-SENSOR-AIRCRAFT-93,AIRCRAFT-93
AIRCRAFT-SENSOR-AIRCRAFT-94,AIRCRAFT-94
AIRCRAFT-SENSOR-AIRCRAFT-95,AIRCRAFT-95
AIRCRAFT-SENSOR-AIRCRAFT-96,AIRCRAFT-96
AIRCRAFT-SENSOR-AIRCRAFT-97,AIRCRAFT-97
AIRCRAFT-SENSOR-AIRCRAFT-98,AIRCRAFT-98
AIRCRAFT-SENSOR-AIRCRAFT-99,AIRCRAFT-99
